<?xml version="1.0" encoding="UTF-8"?>
<!DOCTYPE mapper
        PUBLIC "-//mybatis.org//DTD Mapper 3.0//EN"
        "http://mybatis.org/dtd/mybatis-3-mapper.dtd">
<mapper namespace="com.example.mapper.RoomMapper">

    <sql id="Base_Column_List">
        id,name,descr,libadmin_id
    </sql>

    <select id="selectAll" resultType="com.example.entity.Room">
        select room.*, libadmin.name as libadminName/*即Room实体类中的字段*/
        from room
        left join libadmin on room.libadmin_id = libadmin.id
        <where>
            <if test="id != null"> and id= #{id}</if>
            <if test="name != null"> and room.name like concat('%', #{name}, '%')</if>
        </where>
        order by id desc
    </select>

    <select id="selectById" resultType="com.example.entity.Room">
        select
        <include refid="Base_Column_List" />
        from room
        where id = #{id}
    </select>

    <delete id="deleteById">
        delete from room
        where  id = #{id}
    </delete>

    <insert id="insert" parameterType="com.example.entity.Room" useGeneratedKeys="true">
        insert into room
        <trim prefix="(" suffix=")" suffixOverrides=",">
            <if test="id != null">name,</if>
            <if test="name != null">name,</if>
            <if test="descr != null">descr,</if>
            <if test="libadminId != null">libadmin_id,</if>
        </trim>
        <trim prefix="values (" suffix=")" suffixOverrides=",">
            <if test="id != null">#{id},</if>
            <if test="name != null">#{name},</if>
            <if test="descr != null">#{descr},</if>
            <if test="libadminId != null">#{libadminId},</if>
        </trim>
    </insert>

    <update id="updateById" parameterType="com.example.entity.Room">
        update room
        <set>
            <if test="name != null">
                name = #{name},
            </if>
            <if test="descr != null">
                descr = #{descr},
            </if>
            <if test="libadminId != null">
                libadmin_id = #{libadminId},
            </if>
        </set>
        where id = #{id}
    </update>

</mapper>