<?xml version="1.0" encoding="UTF-8"?>
<!DOCTYPE mapper
        PUBLIC "-//mybatis.org//DTD Mapper 3.0//EN"
        "http://mybatis.org/dtd/mybatis-3-mapper.dtd">
<mapper namespace="com.example.mapper.SitMapper">

    <sql id="Base_Column_List">
        id,name,descr,start,end,status,room_id,libadmin_id
    </sql>

    <select id="selectAll" resultType="com.example.entity.Sit">
        select sit.*, room.name as roomName, libadmin.name as libadminName
        from sit
        left join room on sit.room_id = room.id
        left join libadmin on sit.libadmin_id = libadmin.id
        <where>
            <if test="id != null"> and id= #{id}</if>
            <if test="name != null"> and sit.name like concat('%', #{name}, '%')</if>
            <if test="libadminId != null"> and sit.libadmin_id= #{libadminId}</if>
            <if test="roomId != null"> and lib.room_id= #{roomId}</if>
        </where>
        order by id desc
    </select>

    <select id="selectById" resultType="com.example.entity.Sit">
        select
        <include refid="Base_Column_List" />
        from sit
        where id = #{id}
    </select>

    <delete id="deleteById">
        delete from sit
        where  id = #{id}
    </delete>

    <insert id="insert" parameterType="com.example.entity.Sit" useGeneratedKeys="true">
        insert into sit
        <trim prefix="(" suffix=")" suffixOverrides=",">
            <if test="id != null">name,</if>
            <if test="name != null">name,</if>
            <if test="descr != null">descr,</if>
            <if test="libadminId != null">libadmin_id,</if>
            <if test="start != null">start,</if>
            <if test="end != null">end,</if>
            <if test="status != null">status,</if>
            <if test="roomId != null">room_id,</if>
        </trim>
        <trim prefix="values (" suffix=")" suffixOverrides=",">
            <if test="id != null">#{id},</if>
            <if test="name != null">#{name},</if>
            <if test="descr != null">#{descr},</if>
            <if test="libadminId != null">#{libadminId},</if>
            <if test="start != null">#{start},</if>
            <if test="end != null">#{end},</if>
            <if test="status != null">#{status},</if>
            <if test="roomId != null">#{roomId},</if>
        </trim>
    </insert>

    <update id="updateById" parameterType="com.example.entity.Sit">
        update sit
        <set>
            <if test="name != null">
                name = #{name},
            </if>
            <if test="descr != null">
                descr = #{descr},
            </if>
            <if test="start != null">
                start = #{start},
            </if>
            <if test="end != null">
                end = #{end},
            </if>
            <if test="status != null">
                status = #{status},
            </if>
            <if test="roomId != null">
                room_id = #{roomId},
            </if>
            <if test="libadminId != null">
                libadmin_id = #{libadminId},
            </if>
        </set>
        where id = #{id}
    </update>

</mapper>